PC1,PC2
-1.3723508678571186,-0.7612149785052782
-0.0028491853003371932,-0.8158923126618752
0.8184709099730045,-1.2721249687048772
1.2824665108187565,0.578168247435398
-0.5251200759885088,0.9052074129508489
-1.626894103583794,0.6967351776672326
-1.6322873916580012,0.25267647097658424
-0.2802024320380311,-1.2283780089399317
0.3571543794464704,-0.4793826469536487
-0.2591802216654421,-1.0585344566909625
2.664081403970924,-1.0093860727449342
0.36607305717330085,-1.3872529892910876
0.43421104026322094,-0.36600136615681206
1.1637490065433365,0.8194205399500314
-1.1010088302520242,-0.15902920010043492
0.28346435028821493,-1.0196978175361706
0.3692685542859537,1.1580255989381716
-2.3829098972340557,1.526255091699002
-0.3944832685287509,1.4047011689467364
-1.7368223921950101,0.765322238029758
0.3283120233837075,-2.5072585577295867
-0.9274083295486046,3.55264570845203
-0.5681684657544891,0.1622927965481502
-2.1032918123822033,-1.2788970337165129
0.18518769732722787,-0.8044855572936939
-0.06508186245827752,-3.440800492071074
-1.0636167581452907,-1.6160594755884468
-0.45585604965417303,-1.867831712025507
1.2010057927136666,-1.5965737949830618
-0.06616426973395612,-2.1620795060005165
0.7707884529940865,-0.6007454415436239
-2.5370406780732577,1.1981711107416384
0.885055845922046,-0.8237251790807066
-0.5190289941744574,2.56837356340162
0.037197112523361824,-0.9995660315884339
-1.312730701448306,-2.3520133227550146
-1.9478111530007176,-0.7838533620557636
-2.1023543417548476,-0.5044207735260678
-0.7328058121571278,-0.9441934636571444
1.7662804544508974,-0.9104906297448677
-0.4668757889861155,-0.1903093259029141
-0.6051992150527368,-0.12452848473608419
-2.1255446074031403,-0.35184216173193655
-0.7544482861596207,-1.2192826171104554
0.6149513195775784,-1.0585373364461055
-2.6136176278634675,-0.6476773259680527
1.2096728345222365,-1.2408914555002728
0.7583850606283938,-1.2095184367164995
-0.49639109034054374,-0.03803111038589763
-2.105003013411057,-0.10011913989173032
-0.6230345895418957,-0.4870218330602683
-3.2155249879465253,-0.20710129534038352
-0.9916822762762469,-1.5279368923632255
-0.3770009390363469,-1.0548873175408786
0.5753445876074665,-0.6700628235787794
-0.5678312752861615,-0.09462238612837887
-1.4278670314193966,-0.5511826729411986
-1.9044511260302874,-0.6969777840568391
-1.0422105525735705,-0.6463495431789038
1.3421846972169025,-3.085758766876498
-0.23199921739994356,-2.2430878661537634
-0.0952164139135785,-2.193002179438427
-1.7537009405770865,0.5388131003925334
-1.1375535583181873,-1.663828067727285
-1.527591727602183,-1.2357999988326251
-1.590491100605846,-1.1564628507884642
-0.025192357464825132,-1.566345755256036
-0.60704644894981,-0.1152739824568131
0.06282173843813932,1.144126953778437
0.38578342693376727,-0.7641064702825466
-0.8675172039050556,-1.178635232098313
0.4708353782272333,-1.303748891716145
-0.207312649322641,-0.17012613994359754
1.610950660182072,-1.923902818495057
0.20453200745305614,-0.24754061586980136
0.0960941608628321,-0.4236001652927867
-1.4896441995222518,-0.3137647155730268
0.0913233647425491,0.5167596476946466
-0.02074270634012368,-0.24828709377316915
-1.280774188158946,0.20043480199205704
-1.1209060228718035,0.25782144762371867
0.23989718099360327,1.2821985978949686
-0.6556047988713731,-0.26629167049591934
-0.08269949823344921,-0.8018386800296159
-0.5162133710541988,-0.12127782612651612
-1.3088001429838776,0.1780052280362781
0.8798859349643935,0.2057506698574289
0.33429297929023083,0.13629142193418148
-0.7863086985032166,-0.2329550757350361
-0.19762853014034526,-0.09656619621556535
0.10833576493098437,0.29496627074473714
-1.121606620962232,-0.3846410234304729
2.593719701286022,1.4516250049811663
-0.9392610918994133,-0.05599909933993558
-0.7246404141824874,-0.20912654955147864
-0.31909185319986494,0.6862209269777148
-0.024129125599903566,-1.034749359911573
-3.4589352311617616,0.7373199717549263
0.5693174584360498,-1.7511755359142775
-1.970587269870533,0.9751423900895244
-0.8351945242671762,0.1758039948515499
-0.6972657100268662,-1.1274337033990611
-0.12337047836935902,-0.17913100930893616
-1.542129629075034,2.008647879813848
-1.7453635027026388,-0.04774477719512755
0.10626664197337855,-0.3327951637367062
1.9329919835074933,-2.386029281231424
0.412652813668109,-0.4091333790719624
-0.01716125117293968,-0.1849824951017433
-3.0883875499998723,0.5775855064104959
-1.1313301007228271,-1.1051628290176632
-1.9004017622278053,-0.8100872255886206
-1.4206056166525254,0.33172020679835174
-0.33885732221389564,-0.845821476786679
0.09782925982436186,-2.57472644318421
-0.05222286404644502,-1.2849740166424481
-1.1877904364776573,-1.1400905744323209
0.7097014073970391,-1.1908052411726564
-0.8319976893518245,-1.2623641982700824
0.519515265845456,-1.5229535275205461
-0.3042151628988826,-0.3832471607590942
-1.023106590884692,0.8736812719558347
-0.37925209968809453,1.1279868066183907
-0.24412873707206997,-0.034927927962910506
-0.5903558847400183,-0.4908227181376767
-0.5016872665703513,0.24059185339239292
-0.9998486851495197,0.5530901891846604
0.7717345538162783,0.0013301277749127993
-0.9525416971216246,-1.7274439130383807
-1.7938829723814123,-0.16801195303225397
0.08735837347028855,-1.9276613562934668
-0.5175819353492387,1.5919025586007944
0.80941967012679,1.2725918470577
-0.2844282831752775,0.09000816528001782
0.25588189161788516,-0.7363322075976332
-0.6264503893969028,2.5199987170351257
1.8628801429726052,0.33986122382021744
-0.7964729193035134,-0.345573565684305
1.7683822899036175,-0.6698989440895728
1.3486986105926695,0.036939146162925866
-0.3371770644126178,-0.5300265307442376
-1.8583493205451351,2.4320341477626735
0.592039412614725,-2.6432522307286725
-0.8458083591695416,0.11444380491117129
-0.8868896458838254,-1.8244709825023295
-1.4516976716130408,2.3096937975218226
-1.2874939328928858,1.0994943634452146
-0.16074458177594825,1.5862536338569104
0.058019919588571896,-0.6370092096415483
-0.4121004617839859,0.5339194144617768
-2.945515021518735,2.1518349956934912
0.8598346821947838,0.7397957388903652
-0.06163822754909907,0.5705807163328681
-0.9746912401559917,0.651287009881488
-2.726890797367829,0.8941691365119069
-0.32995475041662514,-1.6639046762368728
-0.9589347881968665,2.3515821532839056
-1.666435701971765,1.281112586502421
0.5612581367937776,-1.1258378817650496
-0.5873552324424464,2.170297640135992
-0.296062189484867,-0.3368986080456993
2.043185497036662,-0.24768123044736617
1.7219711367014279,0.4477625418568269
1.4598763917584474,1.4595989669348142
-0.18670240981814867,1.3970739153278413
-0.45916387023665367,-1.8826324034524637
-0.6518635671274526,0.35588967890804873
-1.849461891612839,2.6028841773664926
-0.24310075264361958,-0.84406892413031
-1.2248295107521805,-0.7069012159463267
-1.1938165986331348,-1.0175133063700519
-0.27619306173027225,-0.6387472482795604
-0.6090047777892961,0.8502732038810814
-2.61612966826946,0.10063179709262443
1.8999543562057448,-0.3844575582431183
1.9788125363047662,-1.2920434022862652
-1.5406085735547261,-0.8474679893323461
-1.636300945047553,0.3499084324373583
-0.9018341790969532,-0.3996085867526824
-3.6993702767961993,0.7502312268346314
-0.6449903730736886,1.1766519824428063
1.2486084315602346,1.7787348105622618
2.1714913989681937,-2.0608526421369344
1.9146241070078107,0.7474645104143418
-0.9917034926887887,-0.0307847549849279
-1.2695051439478664,-0.5409652674462374
0.19009625555718462,0.8133421208849742
2.5411999295594327,-0.6191125610179001
0.5691730463545966,-1.3343926852466539
1.0100677639979958,-0.25217281296008726
0.8967263445379566,-0.6639374489947374
0.06612143688285649,-1.8213272504303177
0.38182364405808744,2.7854714873231257
-3.306036352467856,-1.7658663552681149
-2.121735414250372,-0.5797418608140978
-0.19461709337777638,-0.707924268222176
-2.3617541252144942,2.3696225349251394
-1.4356108476349316,0.851758155367669
0.5928159415425501,0.7501430176364533
1.3023413365883663,-2.2329043605673333
-1.5123072495281449,0.49712183089938633
0.9206804009285995,-0.45841411971687934
-0.021370893305011414,0.62521890886443
-0.5086411772698091,-1.0899480251237603
0.7259557487488408,-0.1921570137391055
-2.475992495725354,-0.8967157721778058
-2.8383092578650975,0.8257998138504868
0.43989855049916154,0.027049974208158408
-1.006862490388113,-0.5103126909351642
0.13764351083697274,-1.1256880977180372
-0.04333522569388139,-0.49298593424004594
1.2852989113228883,-1.9260183414736491
-2.3334905958964436,-1.4782067982807796
-0.3692277600368459,-0.3218555170432023
-0.2528806303941736,-1.449201976076346
-1.3238699849090354,-0.2776659350868607
0.81229427133651,-1.5074689168359159
-0.09027169201783893,0.16683151896762805
-1.6415541175652277,0.9537225493284958
2.7981618182602745,0.8190364323827384
-2.438935555504384,-1.001267107863512
-0.7864643516106086,-0.4973911855567113
0.2154825355051602,2.562472863011959
1.4829374650350882,0.6677226077836897
3.1893656563799686,-0.46205089053548004
-0.9419062680774289,0.9303969673644159
-0.14601695313405577,1.7501284732908313
-0.7438659952276996,1.993458280880827
-1.7066048777453635,-0.7339529339941334
-0.669544690347978,-0.46475749687576234
-0.3470654842192461,-1.715557575125669
-1.4123991955107267,-1.0124774047008742
-0.8284331250116415,-0.6067314480894815
1.334173336216166,-1.8118489522951196
-0.8403543464488563,-1.1955529057336447
0.016370530670536933,-0.5460478098823854
-1.5959986280288267,-2.1726964907715884
1.777871195391272,1.2046947983666625
-2.036260981098648,-0.5157015877550722
-0.4136735362075721,-1.4428505438519392
-0.774497636408597,-0.4847736461379631
-0.7688927890287657,-1.7410139121832409
1.585487972528957,-0.6662807203253
0.6328590248729566,-0.12088505601092953
-0.9037003336509354,-0.2329620780863914
-0.7677261369892491,0.523971977349287
0.5020600141781154,2.2570820956069717
-2.524755744975161,-0.9360746865070615
-1.1047658207972102,0.5171965598514522
0.8449257304602087,-1.6362148554637466
0.9264064978952287,-0.42864464693319976
2.167546154115786,-1.6050817626936797
-1.1801367662014064,0.5208651970746144
-1.5258574051318046,-1.0854202710995728
-0.8242509710880667,-0.15447076023708767
0.06098018372466195,0.041552060195442934
-0.0782575310709762,-1.429276171951353
-0.2793054643422264,-2.795158739018896
1.6950800992733017,-1.1206342435988477
-1.3037075373426217,-2.532409073421207
-0.7323494251078367,1.7761360973689557
-0.36536193888875956,2.386008862441046
-0.6081682301621019,-2.385703786400636
-0.6975938016713087,-0.5802854310523115
1.3928693754179553,-0.07027687265398143
-3.0601897353441068,-1.893435043238587
-0.12558416431845526,-1.9711133263773244
-0.6957401209628846,0.5338692324847104
-1.39242785132669,-1.1721285089628182
-2.0850410077323303,-0.7405253027034173
-0.8788701133383456,-0.6966315980666334
2.3469483745355424,-3.2455264113263484
-1.5739080919533173,1.5427328634780506
0.21933950311918535,-1.2508272397495168
0.20232427420195756,0.14817566678250244
-1.0335763940784342,-0.3863448614279586
-1.8118768551644298,-1.541541728797009
0.4933235924373899,-2.1228003549020618
-0.8466041635796888,-1.3015358801255923
-0.20983589422033105,0.6729818007871757
-1.8396739399780393,-1.1490966426596951
0.2496776683234159,-1.5856172821283379
-2.335819897957535,-1.6312020811975996
2.4435382847332683,-1.2991742983286287
0.8608833816448356,-2.0562541490577804
0.4853985624778716,-2.14375904680146
-1.1202412405965434,-1.1341030437068178
0.5074771342155153,-0.45337927040450826
0.8196383385036736,-1.3086450847968252
-2.5309182205397955,-0.8848610236066251
-1.051758005222157,-1.2358168649938452
0.45695439427612466,-0.06754608109039678
-0.5817151258799522,-0.8381548723807949
0.7500868243187055,-1.274278624435945
-1.4622712115716867,0.6795669313581014
0.3921012773864812,-2.3663599997984752
1.9125037896591213,-3.291531507381268
-1.4745236653061244,-1.764224243950668
1.658627801209096,-1.5045115097328414
1.2995332050301993,-0.6067345495079493
-2.1366376683140405,-1.8094515749876368
-3.1748338269743317,-1.1566368430678078
2.2457253183990216,-0.6564810811345886
0.8844108377614546,-2.4657479435284406
0.4417687796570807,-2.458326071668482
-0.8095857100178446,-1.2099035301433494
-1.1634968007662907,-2.1706981259516094
-1.2064555349889718,0.6570839034723903
-0.7451796797789869,0.6512251651687135
0.03578334970296721,0.717454568726686
0.7799381602307294,-1.2752626202245383
-2.8282921597270065,0.2705657127754357
-2.5439692839477055,-0.09902100290488068
-0.9278865754621225,-0.26362916861582136
0.4331751432277032,0.30722046803422703
0.39553042137088784,-0.25465107606835474
1.1209232943600103,-1.4076639236023742
-1.7805510384707939,1.1086133740088098
-2.880750955715085,0.08287596164289962
0.47576425962592567,-1.1425481299117306
-0.41654047884175466,0.6250538484200865
1.1360038601194407,-1.2648889555624319
-1.2034861804352865,-0.1730867340229436
0.4499292207023169,-2.04664016488212
0.06121253080228834,-2.1467739864516453
0.028767503584636103,0.7319002815470851
1.63246332414928,-1.0122414496760215
-2.245717003353001,-2.3925695852392117
-0.8251954569054716,-2.7460057571166905
-0.8342555953805996,-0.8800378313653491
1.2011234280306582,-2.72046128002412
-1.382138108970249,-1.4929118527390535
-2.2610464479945693,-1.1688421983656636
0.6465270426261067,-0.6624850428370265
-2.458724348798453,-0.1622015977798011
0.8491834701424112,0.8927643003391342
0.3350650938801534,-0.4705360854597546
3.393249108400402,0.11240274671416088
0.49360170866956354,-2.0840205783404944
-1.7989045278572413,-0.4327036457624102
1.4964051864274777,-1.2086038880558434
1.4389120039841183,-2.975134268991482
3.169049078742888,-0.5768289137588385
0.12471478594583008,-3.1329649020030392
0.29677386806373085,-0.16777491717810072
-1.86890980753248,-3.379717860884724
-2.066703462618359,-1.1228909479436124
-1.1629141075662,-2.468000210363793
-2.5163780743041007,1.2002274189841429
1.8764151977826937,-2.0988925283462976
-1.5853416648530765,-2.1303777004595292
-0.6928678163785426,2.7292177999961136
-1.7243556382427254,0.6303110836286199
0.1662368986930774,-1.1586851912684955
-1.3975416383236128,1.7993786685359
-0.38008455799007984,1.8254977908066932
0.2462503036121484,-1.2035929720097336
0.5979636172784363,-0.6421969977221448
-0.5010477837178612,0.8655840396479579
0.11299390361022651,0.6768467936576648
-0.5261612726820885,-0.12844344305744554
-1.3516755917615413,2.317160629255644
0.06399941249034811,-1.4523672529905636
-0.5616565767355244,-1.4495289355964083
-1.178462865467429,-1.4420633751761498
-1.821867863580068,-1.455500871474254
-2.660679192376969,-1.2686930614106082
0.9302395535751344,-2.1599916995457
0.6526163196987024,2.3211578838013143
-1.3529418921534935,1.2125739091911196
0.49547982028382315,-1.7796636974609459
-0.11349892939203372,-1.3067674292180163
-0.398525330361261,-1.4680880467890398
1.6474568904172304,-0.10114936411482572
0.40045836048051225,-0.1305466207371237
-2.3597163566356563,-0.03025960005532076
-0.20672304908844177,-0.6803502749999056
-2.556327190652103,-1.0012741102148672
-1.7629730424359136,-1.9137891149566493
-2.3344251297566063,-2.8670808768121145
-2.6984373157120496,1.9211006334953005
1.549546851165348,-0.09817009242335023
-2.374104124714064,-0.44697585286422176
-0.36149461646855235,-1.7123657349685035
-1.1072074502008036,-1.3001756180309325
1.4498041089671443,-2.2832507730265994
-0.8956163756339153,-1.351503356325509
-2.785841939838123,-1.1888919132221676
-1.4511496324003201,-3.7368882870090006
-1.552553808126327,0.5678429763901109
-0.04345344685261569,-0.46757570054236236
0.21933377465065487,1.8305216897083318
-2.2845179074597346,0.9482106814829799
-1.075665255753293,-0.13963982273890335
0.6969464716755446,-0.5068081303102233
1.0769840857978406,0.3204506925183334
0.7355840618044698,1.6790398306331864
0.9719951461348121,-0.6560762878673696
1.3072408629821948,-0.7014169555884692
0.7252638246383284,-0.8422284122438021
-2.118612448719782,-1.7035604412201766
-0.21463012917923494,1.0044399726851356
-0.8924611729033922,0.3172868748102026
0.4199260338302746,-1.3335830604952486
-1.187181126357848,0.47385939578334385
0.8365720249991208,1.0535999729098193
0.19187520515077416,1.0984185711723526
0.6274735014807025,0.218474995901952
1.1689922173153426,-1.7760774347675796
0.8537286896133709,1.3188888871086115
0.7443390850645832,-0.7185067944621696
0.7267062210512707,-0.21344321837558672
-1.945554861976729,0.8232796986005697
1.6153982814768668,-1.0407803021343454
1.5509285994920323,-1.036298442308092
0.13595366583051882,-1.0864421904786878
0.3261089853333663,0.39240672205402244
-1.0782880047463719,-0.241326067413937
-0.8253057621729045,-1.9255644700710333
0.6513203560817615,-1.1003218023591101
0.3628621786937629,-0.8629811715970687
-0.9867490816715423,-0.40331283827444736
0.41135392048261726,0.32922612717910227
-1.0777375060053669,-0.26733031907648047
-0.3815349064315334,-2.3125776818834356
0.3143462044931848,-0.4011539143641812
-1.6082016116616114,-1.4906932512341053
2.4797108542040536,-2.2763671162600603
1.0654869612236701,-1.6541474981942723
-2.615875533892243,-0.26535095906331946
-1.9050853533876961,-0.3214503715548572
0.06364890471080165,-1.3299214073268077
-1.568718417930828,-1.0079055031759763
-2.66166124599379,-0.24591604993321364
-2.0252356030154766,-1.9539863478137605
-0.7272393116982623,-0.3014754096944721
-0.9024273832872024,-2.103345699855592
-0.7919147071960198,-0.6187698497405413
-1.454376181637934,-1.8367711387434393
1.411686481073265,-0.29341076699380325
1.5020919228158074,-1.8257962771313216
-1.8215494906662857,0.19185052791454651
-0.8125913174335317,-3.2039597885681537
0.05492362830841776,-0.8329434008123938
-0.45299874843537724,-0.5491274455279943
0.6582108231476959,-0.899326945201982
-2.0109172092345076,0.10300575426234676
-1.540591462199638,0.5462343721886845
-0.12355050079706993,-1.4801409624584567
-2.035458567917281,2.091906258290174
-3.1931871713486824,-0.29006926959042817
-1.2708230785687056,-1.400228477507622
0.9146961004539197,-2.103054799196093
-0.7425999237701247,-0.6869505090874004
-0.9638385472602111,1.3947882009309205
-0.0074853307153765454,-1.9359806889658409
2.616938954321021,-0.6878558988442044
-2.01555209866725,-1.592390206359913
-0.38740537166778694,0.40449966246675234
-1.71425295855532,-0.18615154584158017
-2.623175788442788,-0.36479916988617894
-0.8166781493125276,-1.4107947513934784
-0.7577302636699897,-0.33307498335001223
-0.5552411915675098,-1.166190514569366
-2.1534919281719818,-1.2367833945574112
-0.6356488544661119,-0.5416875086447804
-2.5894761497812984,-1.3606265542390026
0.11352456126205479,-0.03198671706717
-1.3526934391463084,-1.0655392803432138
-1.1774032291522674,-1.325463230988359
-1.2894033554989184,-3.375144760497791
-2.6250369080297777,-1.1836635754925469
0.30124406715071167,-0.8734197820330555
-2.0682535422006265,-0.9930927381378981
-2.946641716151388,-0.19360065219424177
-1.5947408032203996,0.15258593889944497
0.836874435228535,-2.40802643252299
0.04157397346345118,-0.030322157405146048
2.6491049571615664,-0.8094996028734035
2.4636075226550944,-0.9873852952903738
-3.3162595463040394,-1.5049692591969321
0.5176359378636501,0.6721894286858738
-1.3366834457442405,-0.6796323622746574
-0.9184583066042418,3.1761017211198417
-0.0942875738029744,-0.8480112561319962
-0.7099016891516085,0.2615973791956288
-1.3101649842581038,0.6851407369813858
-1.7131187473093004,-1.5265868805673135
-0.3396664601897188,0.615086697670263
0.537796334638854,-0.20751148953642293
0.2755841846741541,1.4475350064927477
2.0980489111540623,0.14776573952565752
2.5703427377930153,1.5800527409279725
2.340752182409522,0.02721642497818035
0.1659570634606361,1.493740147006944
0.17921996194935047,1.1396252508958395
2.3301061954355546,0.20817878243700472
0.6773486610393041,-2.747155311761983
1.3503742249848432,-2.7955377942827315
0.8431048241878756,-1.4017130418156252
0.3934690530112355,-1.2694058072571928
0.17115052027925995,-1.3757899415302035
-0.5111468205174248,-1.6300136153318106
-1.3982337177586948,0.14383740034229625
-1.0530606985424198,0.08975677101684659
-1.7297937201739078,0.4942786615197373
-2.7317027200044826,0.21054816004657745
-2.584496372904398,0.5502588411277426
-0.9830202947112456,-0.367864496166977
0.7263929710324982,-2.185330702209657
-2.202845186149931,0.23000791420956784
-1.4650825780098786,-1.089464935092345
-3.3244472540571572,-0.27286445450977415
-3.4589352311617616,0.7373199717549263
-2.341932274844849,0.011110551025979961
-3.0731116471547786,-0.12649263981806552
-3.1753741020804114,0.22977878136228172
-0.24504377359998014,-0.4860474210917404
-0.5821428933244016,-0.34899041368186734
-0.8536887433452577,-1.819943389752688
1.7735953513394473,-0.0401686187065658
1.732028007256339,-0.8591903444226267
0.8877965494150762,-0.20939582232511667
-0.13937784388659272,-1.074280572939624
-0.9205595461869397,-0.04841426867377377
-0.4701199278028867,-1.1178133109252897
-3.2336758294638934,-1.35725671597604
-2.9015593102673973,-1.6032633321191563
-3.045288200880166,-1.0860603739431383
-0.19000705257326772,-1.6813669897468684
-0.2155311095504082,-1.576853385705395
-0.7253466578095602,-1.222198746285853
-0.31672778669096796,-2.326775306047329
0.8557485073664934,-3.3489864349599063
-1.1700958628172402,-1.8502900827706064
-1.3686182610184885,-2.1855235985534693
-1.1789211860495954,-2.534001853848176
-0.8224315267463962,-1.851691803971701
-0.9286586425421572,0.12377693482405216
-0.18959593318333695,0.7217053756988281
-0.336344140271026,0.34523535973484615
-1.145375140514569,-0.9523072004617853
0.2505934764308838,-2.169589751089419
-0.7979853962679896,-1.096316695923363
-0.1359864064088251,-1.4159891964201115
-0.3419554322947035,-1.5123276942891017
-0.3963365080602424,-1.5353906661208532
1.4043110005036146,-1.6470815532488368
1.1851774866247815,-2.9411680705329712
0.6720794622239156,-2.767731467552012
0.3028018075856935,-2.516240051538875
-0.6063170429140741,-2.5178265156592605
1.1545787247619808,-2.4402623086295523
1.1180760450671592,-1.4170273265557545
1.189230562864504,-1.3797643222230105
0.8259232731882922,-2.8259286283975293
-0.6681440732529074,-0.27954906225810233
1.3788244967592622,-1.5898521891066086
0.31894522315275997,-0.4083713126015203
0.43315726774507723,-1.7872373163878952
-0.4223129389798457,-1.8862629663215102
0.2648138428945401,-1.7830940092472434
-1.5262121837285303,-2.11804546406522
-0.25113567311726903,-2.5323971568569297
-0.43093636438162886,-2.724240237384134
-1.7579638340481956,-0.4939780518677423
-2.948423264376559,-0.06169234654155615
-2.8412401580383055,-0.21717216230340686
1.271915730746545,-2.2593268074288355
0.9405682902354169,-2.0755214443452803
1.2572562209433416,-1.9455476711500357
-0.7134875293141574,-0.3907841056754203
-0.1967985073576544,-1.0944558393340393
-0.48662849436749767,-2.511451125716202
-1.3086537012944703,-1.4483480847942607
-1.422578410494796,-1.764999128965133
-1.3268494187780167,-1.828968631583496
-3.2652741433592856,-2.3692276496934497
-1.6536677044650863,-2.127907377656929
-2.5729799213475775,-0.22104567643729378
1.0728084912349003,-2.015487384784186
1.6960202999325742,-1.3761022779155405
1.8137223584352633,-2.4582971011170467
1.551818281103423,-1.0363602919736943
1.2600715767477269,-1.6145766878695007
1.0747867372248112,-1.499177941706746
-1.0085417358727227,-1.7893353234772267
-1.0376348203943382,-1.5625801157373593
-1.3091072327946467,-2.1146827974005173
-2.200020589641556,-0.42470602574416433
-1.383376067933858,-0.5313154983376679
-0.4513360365506452,-0.4156152126466271
-3.0661909670246326,0.16709385620636394
-2.7991925289725277,-0.8964696707032568
-2.855940815428699,-0.09320013765191477
-1.5837493380902599,-2.3379100602618808
0.3407793274694789,-2.8876526835587586
-1.4009271841995226,-2.2222752117032325
1.0440305417726365,-2.9208777546307725
0.04691284523280776,-1.1030044014169558
-0.37049411246595115,-0.4659004018782919
-1.9152434481271317,-0.021958004549825164
-0.39664031924202336,-0.47316572594297773
-3.2953345507872736,0.44848098566195055
-3.395298746434924,0.44919353978496634
-0.19434304465856228,-1.1711347738781201
2.121159854930999,-0.6788713408980862
-0.6508345169361812,-0.4040484586146643
-3.2604172742090394,-1.5095808089996077
-0.4978179802615469,-1.6739201650118634
0.14646614175047573,-1.5051356979477828
-1.64945564750735,-2.113725590338949
-0.8271510768783874,1.0895082609922067
-0.9325283418798593,-0.7807541303031386
0.12203460119573455,-1.3619071468221622
1.1266260428324422,-2.0750871832747126
1.6924565389541992,-2.754884002375322
1.016393356153304,-2.62234839536132
0.45039865810546903,-0.9062493374208568
0.29333522381633703,-2.0670348191926675
-0.8677544834305525,-2.345625698368279
-1.8727673451586015,-0.9118171686984498
1.7825524160947497,-1.7145041525302382
-0.42440795850143465,-1.8460220319854885
-1.0579681871099982,-1.7336165093879865
-1.8306902842838995,-2.495787176288048
1.585735780795644,-1.0387181984282863
1.5030666807039705,-1.2184367001393839
-0.7850163944139472,-1.865682386632683
-1.9624946390477416,-0.03689219226588198
-2.719221009843134,-0.25895092387500857
-1.03643373074155,-1.9927599495484154
0.9932904292421755,-2.5995682952223937
0.9944250710019372,-2.955012872431615
1.002122572340893,-1.7726184169833983
0.07226491795473129,-1.4599008903200383
0.20217557336231867,-1.4757828411439284
-1.0655074064916998,-1.1239266006698332
-1.491069149774729,0.28122341764788883
-0.9184609062067695,-0.29023677090731465
-1.418744392861742,0.20714919937141268
-3.2719416187574377,0.4079803583853881
-2.2147372694514758,0.5344788335720273
-1.2008770360086596,-0.021266758071074646
-0.17179003006822577,-0.739761220982042
-2.1567306120084737,0.06163180524659177
-1.8939257800337679,-0.656298387802576
-3.0703828173466547,0.12911602295090396
-1.8110999611642526,-0.16217952981758849
-3.172818321404762,-0.1755246208463939
-3.3079056366604016,0.6168867291726395
-0.5970212725868653,-0.395295030800083
-0.4571365505464132,-0.24160940678971976
-0.9431413784722898,-2.3865346246445993
1.3893019758519072,-0.20900443963040738
1.736692080046026,-0.8793215852240092
0.9645622298910529,-2.142865269352052
0.14693581759872784,-1.1833457393340705
-0.43388811437625935,-0.7994110536066878
-0.6119243877033921,-1.1855584621628412
-3.1160929665054553,-0.5553051249139516
-2.9395824782836053,-1.3783203231334302
-3.1698432018112945,-0.5364606533382447
-0.35678337519138525,-1.713007879785949
-0.3179340263416634,-1.565045435228616
-0.3420327316061575,-1.4274356417743106
-0.056310563492576814,-1.947343944690568
1.1193894111323368,-3.0931325516314065
-0.6985763678453771,-1.2302845428177518
-1.1725879472379908,-2.4039227393650373
-0.9229983400802921,-2.606022646219474
-0.29031714147608456,-1.867890407262335
-0.7189328276816963,-1.2115192753623025
-0.654241976376806,-0.13003934469460104
-0.72622923139989,0.18804833539424584
-0.6870347696729274,-1.2321997873974018
-0.4369851090582498,-1.9933372963605487
-0.33974958380256165,-1.4157676238725647
0.04275762958975241,-1.3150302020688553
-0.03546092790566689,-1.471999770896271
-0.5308659520496575,-1.3513697802281508
1.3056424401472335,-1.6750634364230585
0.8977473480708726,-2.1684541725797777
1.1227807079931629,-2.992864578109376
-0.39924448992797223,-1.8224179111343692
0.7083526288410907,-2.5825153138122117
0.3326021564295109,-2.4338998960188993
1.6378697521633085,-1.4017298518247936
1.2073295479884267,-1.3667773406930142
1.0502818312609201,-2.8915132668756187
-0.02362450401820905,-0.31687570414861405
1.478983609240454,-2.210931207281215
0.3270511323271667,-0.3286060748549832
0.41174122083451475,-1.7488189561051048
0.08947394858043689,-2.1251744665169015
-0.5238055863619786,-2.228272712469799
-1.3066101925536746,-1.9408420409875784
-0.8731812392680431,-2.456484880722093
-0.6550715815317307,-2.8204005299505743
-1.8213940822581989,-0.5314202408651799
-3.4106576066438605,0.5981705308828335
-2.994278836836688,-0.1945883749927361
1.2106650065596987,-2.2270340986494017
1.4757497055872204,-1.7050588685900498
1.4848721398656939,-1.6866428791596948
-0.5321202592867326,-0.3860244783769464
0.0923171035909166,-1.1007054084479424
-0.5708892221151101,-2.302568393681616
-1.369208569803429,-1.7640962761381849
-0.7887839403616974,-1.5718713549586196
-1.4258210053973535,-1.8288921994105038
-3.0339137309449193,-1.9434190784504477
-1.661377357257501,-3.132610159872909
-2.7596433225785817,-0.21695195961658165
1.0954764275335989,-2.6020376394213787
1.4782137810216065,-1.3110122844493062
1.6648409644806559,-2.2969796199875008
1.4367939059710724,-1.111670726274308
0.8323617013596347,-1.5603302320938766
1.1461271053674904,-1.3983193165054346
-1.2068798955763897,-2.087738771887691
-1.3751398577093021,-2.1872108536002335
-0.6878001141516036,-1.6933081345885592
-1.8844667819573149,-0.4136810202285173
-1.8215120885770204,-0.24148121635198944
-0.7179015609636592,-0.3651940487202517
-3.007149380215372,0.13747499847033168
-3.0357724859838617,-0.4627447531775458
-2.8860807157566692,0.0663689393562371
-1.2100029162309875,-2.2823294596262387
-0.16275555483905754,-2.7150216968007275
-1.0982288317855076,-2.022386415552346
0.5507633840987943,0.18158463777948944
-1.4217599214941326,0.2642873436767834
0.6951637602908933,-0.7117614844118484
-0.01886311707046659,-0.20204538026504532
-0.9014852886375033,-1.0366922936974663
-0.061912511677497506,-0.09601004314845554
1.6774456944417258,1.117504111382581
0.5544951221628394,-0.9298643877592586
-0.5356976311431408,-0.09367095887354925
0.32534203807181483,-1.227237461208351
-0.525538149342029,-0.8704019804156936
-1.779125735694746,2.133137998062839
-0.4409439188676649,-1.7272789254779153
-0.9063546995637628,0.05137976457334164
-2.8703106081590444,0.9867968668359642
-1.1560066184202569,1.4479803999139285
0.03285841644042472,0.0734179433808807
-1.2257797831219424,0.5830614534750371
-1.163806192897358,1.0513046278960214
0.43448066580656236,0.07630565030689618
2.2900034499527946,-1.0794619248430986
1.343077446352718,-0.556216875165124
0.766142769099515,-0.643802648710634
0.13564080345125154,-0.9383768362507834
-0.4974976852301455,-1.3026199042599582
2.2625485794897573,-0.7143164478769106
-0.1789074607932969,-0.5739379756667168
-0.39920884978427373,0.540458330698916
0.8860625020897762,-1.3439585092629391
-0.45902507769241896,-0.18685677757933689
-0.4619704260157323,0.2856254900950026
0.44209679021004716,-0.26077094745432877
0.7505612092396541,-1.390473270176757
0.8380374770334093,-0.42667290436720295
-1.537978696543787,0.6162314994835734
-1.2672913437707116,0.23275735477362192
-0.10570686718827106,-0.971757545418365
-2.6270575125995235,-1.8016458753524538
-1.6367074609146859,-0.8734168191694605
-0.8551444188209719,-1.7346626734021795
-0.9239355035160991,2.0673448985824705
0.23138783264673363,-0.39632467514635283
-0.3565351941707314,0.25336798674898126
-0.9875057694366483,-1.0068813908189391
-1.6989519375529334,-1.8658636794256265
-1.465283392794256,0.2167947008154788
-2.05367107892508,0.0642952000021536
-1.2455694839759692,-1.2273362282267983
0.8558890308143078,0.8954237704872413
-1.666478264632796,0.36204202833892146
-0.041066272167799366,-0.11500015896360433
2.18315792105853,-1.078876042429756
0.5976444341868735,-1.7517087626537104
-2.1968967409228006,-1.0440332968954125
0.587528398907658,-1.312203004714824
-2.0527117469440013,0.29367474996590354
0.8076478875003642,0.7604496032130904
0.916423322626571,0.48492907940915747
-1.6282840283379816,0.32414873653536225
-1.4597418440950725,0.4103460065589437
0.6652862215018163,-0.6777670118568432
-0.4376031642549914,-0.22769329474589078
-0.8335612098521809,-0.777658371795009
-0.7139005322856966,-1.6286001741050828
0.5564446470924235,0.050633518224075705
0.7863738114007611,-0.3736245570692871
0.21576708805886718,2.5902867194828616
0.15838417632598892,-0.43057117099025577
-0.003920483123562109,-0.2525552751140659
-0.7811789629349389,-1.2575371317484698
-0.508468994223583,-1.294812611818867
-0.09465697892565081,-1.0249044385067712
-0.6153320111259701,-0.10468908475023686
-1.9195142161053746,2.1643487552756344
-2.0924971756504194,1.6278383121061157
0.27191009444023184,-2.1010311013862584
0.015873431137794547,-2.363922829116385
-2.7468530377505362,1.9133033411453118
-1.2199819068660056,2.0172156508573416
-0.10037744714987973,1.0582095416264041
-0.14465982358055768,0.04948554943905408
0.04209288132075683,0.05003491178168123
-0.47429292395186534,0.49889526681959534
-0.458249885061158,0.5830112662604641
0.3298662433531617,0.3657361252692737
-0.08579419327806895,0.4476734821410767
1.8355063388189579,-0.4945425142165413
1.8427528243255142,-0.4914856187833477
1.3419596844200097,-1.2363289126984234
1.799439171368839,-1.0707397124179177
0.5068092847252667,-1.2639277001523033
-0.2793675214882041,-0.6424874420641411
-0.5413705494714294,-0.8129683909292166
-0.5170662936395263,-0.7612416737399745
-0.26972330573133985,-0.32118640679473087
2.2021132800003484,-1.4233959621190213
2.7194866083218336,-0.7788041148882399
-0.46292105176648,-0.35733458886496305
0.6196879247969198,-0.10195068993806528
0.5602318375406072,-0.06245583583500542
0.6110891317718019,-1.9169042196827384
-0.6486049308915645,-0.17035033193886867
-0.9963105023115707,-0.14431311279967035
-0.025864565937122594,0.16436379763032244
0.4084307419474108,-0.7895794395984128
0.5243447504506501,0.15085178204051508
0.3520162190057172,-1.3371460493819134
2.2314306091325817,-0.8754420413812102
-2.017269469277366,-0.6322694484400658
-1.719546901644387,1.1554017999337236
-1.7320643492832422,1.1107169227591378
-0.8603804985433754,-0.14551021290103153
-3.0139857835606927,-1.9137777191199712
-2.747216981044539,-1.1225645175114467
-1.489702623282104,-0.8594358271639846
-1.7895893186503542,0.33283580954757164
-2.8099434115346478,0.6112072823026518
-0.8148460592897977,1.8481441193424566
0.420216817059399,-0.4652147785332069
-0.04282121754410131,-0.3529676835935233
-0.8106732370222889,1.412749599023283
-1.2746687082898724,-1.3814767242474055
-2.4447793056392726,-0.20491978453210707
-2.1147065704166077,-1.2490594726434407
-1.8236381917478346,-0.8286464528780103
-0.7461699497410438,-0.21604045871154226
-1.7338307100617179,-0.7815554143591784
-2.240888621727784,-0.9888586205889052
-1.1187399874388473,0.0529141571425156
1.1747371895800192,0.7934794575809213
-1.116352484614167,0.9668039209159611
0.7735262844399449,-1.5462825597479575
0.624834291904133,-1.410416830635433
1.2810054123899173,-1.1924627510012373
2.0036703792648063,-1.0686546216812316
0.4465858609206598,-1.5845889332628988
0.951299467621173,-1.8661944124305907
-1.6372837882225075,-1.239691360253136
-0.2665392081251943,-0.16126369828250137
-2.542039629172076,-1.1764282205116028
0.28865924577732305,-0.09431802897736531
0.8517337594283385,0.2665356073456797
-0.8529047933911902,0.15215611939391427
-1.0516454951169696,0.20499110095183382
0.8863645232229087,0.7905760363481675
-0.15235067621495169,-0.15127019014693383
-0.05220689836956406,-0.2953692044487322
-1.1035960596786043,-1.0815535318631861
1.435159947914417,-0.9198265548756781
0.5635435147959944,1.3510727383391712
-0.502090877821775,1.3309949284364904
0.6377730128402648,-0.8496634500501975
1.0817302875862027,-0.8919811279697805
-0.6563541067599145,-0.21538343558687692
0.6573556758005996,-1.4959867007184875
-0.4736537608344274,-1.2454329606537793
-0.6525117888388651,-1.3124091695914009
-1.756989572064196,2.2970442124229153
-0.5439845891477356,-0.6556378407961215
-1.0682026489131087,-1.5028970245659115
-0.3837761904821569,-0.5044787700468372
-0.9038243250081712,0.10975716238624661
-1.0701193294233489,1.7677522267739414
-1.3288817243159827,1.0248425362551015
-1.5829674971232865,0.944402563708274
-0.5397590353328499,0.4602771692645868
-0.11385914427953073,-0.11307863909018229
-0.9054197862744644,0.30242609300053325
-1.1231742992662455,0.849689244221819
-1.2745693880006415,0.9238431194889702
0.9790086121785324,-0.8101711254283828
2.147892863892829,-0.7912202665011112
1.9099050963427293,-0.8963828005750581
0.4318817637230763,-0.4698785184357984
-0.17345533411711428,-0.527577332385367
-0.1096608712870054,-1.0220384477377227
0.40204137153455133,-1.3358717904483675
-0.4938947546582569,-0.8812029347996213
2.2988404918659193,-0.8720482876492398
-0.3668968796960676,-0.7324032351381804
-0.5233745564717356,-0.5792413959753023
-0.378172609540971,-0.698629783086745
-0.5565491692495291,0.578568366228167
0.9260578562004704,-1.8165855724816955
-0.8058382913861951,-0.1566478864187883
-0.4280232794631497,-0.19117487451183474
-0.8850933635700973,0.37767480776592793
0.48606199604085404,-0.6676376202149257
0.3587141320152759,-0.3314305659827512
-0.05104709646822003,-1.1899700978361247
1.507173443681896,-0.3237657176237939
-1.0743750099225953,0.26566483483002834
-1.6218258496691647,0.1972449086968153
0.6258207844061486,-1.2369154647677052
-0.4743314784058387,-1.1332127524851405
-2.90245213418957,-1.8405952773121512
-3.2863067451350045,-1.7033536102708373
-2.2140480389309523,-0.7639002258743678
-0.2684441803341523,-1.7033474377091096
-1.1799370120807335,2.1792807576246758
0.2596967397693107,-0.3942789131354224
-1.0776646446858205,1.4626209385644344
-0.8964212691432135,-0.8369312726786219
-1.5296527408250362,-1.6959742913723745
-2.111217139983304,-1.62269612936617
-1.5121957647414492,0.17280796791008635
-1.6965246839274928,0.26218607923252113
-2.032013392720791,0.26672084476026864
-1.1960902571382035,-1.3485883670023644
-1.3769721706090234,-1.255101367165662
0.31426218051765925,-0.13521549211275538
-1.4485321950448198,0.9353717591932431
-1.4033133026598752,1.019622017501395
-0.2389008023388711,-0.007543102086037129
2.2013283126272576,-0.9918790473428446
2.171352088187838,-0.9182942078590409
0.47913192353046424,-1.705790687910059
-2.360615969205365,-1.0630675896793056
0.2864399415687468,-1.2112758437781772
0.3655718436927748,-0.7344342159415578
-1.6573521651719656,-0.49472187115903365
-0.3346295205151461,-0.2137715514099551
0.01877992465044971,0.44259564967842563
-0.051744693603945555,-1.6135434529715267
0.09338471972786909,-1.1785132124788342
1.2001215452763512,1.5445561992805958
-0.3334337522291139,1.4082790948091086
-0.5207199333743874,0.33315904228104654
0.7210706827068545,-2.0735869187782696
-0.6867696891979594,-1.4036895210746694
-1.2873390196139052,-0.9821257235447163
0.5019158167285415,1.6810082987097663
0.2622845250987832,0.7592291101937917
-0.946142014781998,-1.7129198046612948
-2.5766081420416653,-0.31115056392927104
1.8103776730142687,-1.0991647539412377
-0.9362376190121616,-1.0628868758847898
-2.0250191124968526,-0.4629272691536566
-0.4317091433593346,-0.38026364819245934
-0.4984775638001186,0.28619867838908336
-0.1669843638450965,-1.2233596913296978
-1.4034905947156606,-0.8798106830848568
-0.4696305521571618,-0.12858702864701127
-0.39008056073785635,-0.42865209106810853
0.4880970855358261,0.16259992809319385
-0.019462638218502804,1.001096712971004
0.029558994388034863,0.2752957866238724
0.17033473042098962,-0.041982803656908534
-0.6165486181374544,-0.8282015167480522
-0.1211451848803609,-0.7071384044671195
0.7516271134472619,-1.5262543873230576
-0.2179591633407457,-0.3198174915516058
0.6036780700884753,0.17243477236459515
-0.37040188102016036,-0.9422043231751218
-0.0059136451580887915,-0.10185264664765668
-0.6425786704470857,1.6758920902917644
-1.0826989483490042,0.5992708768886631
0.19074838070096267,2.124189962466157
1.3463309137858361,0.38701745779851615
-0.5346747665292448,-1.634444722471106
-0.7266621321704023,-0.390823836946128
-1.6575923468456228,1.1818687678651183
-0.03191004843980211,-1.6539475440124087
-3.1812307290288837,1.2593017178951327
-2.7736820695348796,0.7238503960316164
-2.6962524450338026,-0.020145311691041286
-1.1640480869833518,-0.9409809505205676
-0.8984690377608322,-0.36972093938441813
-0.8799745509618185,-0.4396186954933688
0.29518387149285297,2.390397063593426
-1.2277559662867072,0.6879582684330497
0.06015134202083284,0.7846257165895973
-1.4054667893615016,1.1745189028812075
1.6691649812987517,0.9630930521286004
0.9822366802401482,1.708034954712339
-0.7172532452326653,-0.8848407679383979
-0.02762052886653683,-1.0850377523366732
-0.4488206248929984,0.14939809535543067
-0.10731312945338022,2.1957371324988757
0.6095613525660522,-0.7570253388649982
1.1733216710627372,-0.386644441052079
-0.3860327102480327,-0.7444649045941872
-0.8972575647184006,2.2805535884322907
1.397030126844034,-0.9483322244380684
0.891425697130904,0.6371044812694965
0.9391101481591135,0.13542595635760973
-0.6261806544518899,1.6360987239874794
-0.4235915528565035,-0.5655583155266635
-0.5742140881498397,-1.195554138309111
0.9739738627025545,1.4431655274008388
0.8005415679632237,0.08937964930572173
0.030724586852778932,-1.5796826420128307
0.09789297479655357,-1.4606389114768856
1.0999144704161534,-0.16308573858864805
0.46749156907294176,1.1806665464524755
0.4591798716176383,-0.9068356948621809
0.31928471615127313,0.9654092576621381
0.7142015804225122,-0.11332970042862377
-0.3604282621406367,1.1358602667001323
0.49122772814910387,0.741359454387874
-0.4760825634811785,0.04720250848979192
-0.0363507657767648,0.1975384099851175
-1.78700115323714,-1.0456788829782422
-0.2650947141264293,0.17994631336314745
-1.163086020008431,1.4222504371127944
-0.1516715693897298,0.3972082861242803
-0.38703355140996903,2.6613965515960265
-1.317020732769994,2.9032800231382905
-0.5669301491633638,0.5216776444528257
0.6473593214572713,-1.8721543651889976
0.9583126147446406,1.5282260413562865
-0.558100750762434,1.6583008148105731
0.3534452357346348,-2.2565846872423787
-1.5580280581034422,0.442780310519384
-0.136133283379787,1.9805157221542664
-1.5125028290970683,-1.2099628576882662
1.7439089339792,-0.8531438726730499
-1.7053164910677692,-1.683681579569836
-0.5004726904081812,-0.19035749781584313
-0.6297665966864076,-1.0362314439030027
0.08392761113082617,-0.048038426121019384
-0.7266961566749973,0.451921094884141
-0.7066047117277399,1.5628854338616491
0.08000363717777542,0.25376335221953966
0.07770029684589429,-0.05624793376887965
-0.3502720850095762,-1.0554172165979638
0.2584135538852862,-1.2053439894504914
0.5576528929375592,-1.506008206107311
-0.5394847734922844,-0.1888956461031627
0.35066049199279054,0.05894962606600083
0.9350601447746674,0.43410956160462766
-1.0918466147187766,1.3047420729452033
-0.5222445133015066,2.181912852113682
1.3122642524245698,0.5523033528141514
-0.05542757207945542,-1.307943407523493
-1.3552522551752522,2.2167376307567452
-0.6884283909261567,-0.6389667047186613
-3.6291796222025132,-0.2518212460591258
-3.0123406264848724,0.962386533057765
-1.1088501121584171,-0.26953473533876865
0.2551717253258353,2.4669938933462623
-1.03114819252134,1.3866876831014598
1.1225079690152757,1.549291961757708
-0.2450333012147709,-0.3595386278803195
-0.8406774473854002,-0.8153195459022818
-0.29237160701956494,2.4079133793815193
0.6100794905644683,-0.8824399311177774
-1.3731651894131802,0.7092214191552224
-0.02168082020796329,2.4044631489695614
1.2377551041764685,-1.736245046600018
0.037607910352650216,0.9501747835477666
-1.1642857191618732,1.3356786785554122
0.2691066679090931,-1.632746457153817
0.7400523652549722,1.9583631739786973
0.1865840731331046,0.0006591505192128133
-0.807221548640067,-0.460260605816999
0.9943654687300967,0.3264607960549923
0.9718269389006354,-1.0226053990276491
0.23900518186170652,1.011340929258806
0.927181133377377,-0.5966744801211085
0.10180878183659293,1.2323135536809822
-0.6679250538436312,0.7893005502927097
-0.7948871703204549,-1.020370949902461
-1.2448579903336714,0.14638243381802643
0.49306840998519746,0.2864168800554032
-0.2607789805498823,2.0674270593538098
-0.3922223826406541,0.07061458265898776
0.4315392912113135,0.33319923814421293
0.6109377949736414,-2.0548325007317327
0.44491879951943886,-1.6720359204460808
0.9906744962716982,1.608924637547205
-0.06909797898177256,1.3850739194592327
0.10692220173525804,0.4531686621144242
0.4608258553745168,-1.7727033040723132
-0.8090956978326553,-1.2399007060111145
-1.2531229294162045,-0.8329001760148135
-0.1431127231791125,1.725726632423939
0.3917824523354102,0.5002999282019491
-1.9861911576189246,-1.1434689909897542
-2.9302695941416474,0.042827198720928786
1.7017246417890128,-1.005198590872083
-0.9159043251647337,-0.9664091078918585
-1.4833492073742998,-1.393554587583377
-0.5398166701904168,-0.9585350824124986
-0.4180321822349195,0.15494749926372428
-0.7160815818792944,-0.8499525183818836
-1.1313874493562386,-0.8734189575802715
-0.44060330153853683,-0.1761176787565097
0.004070189711707966,0.4339567024976181
0.6481386597419763,-0.04447578755332043
-0.2654798357454586,1.2954096049607051
0.07858826949848464,-0.9852525948873682
0.08065654918938542,0.06528822597281293
-0.3853270585575045,-0.795683726044668
-0.767537179451178,0.11992173820691332
0.7954617018862138,-1.6313804632443996
-0.3691707207735859,-0.4111118718429575
-0.10544648595655094,-0.14692971593603957
-0.5419480905559007,-0.37198463548025235
-0.666635069559052,-0.46270942984450814
0.18545742314954364,1.0717537543161355
-0.39055073844177185,0.36197388497189337
-0.429055553159024,2.165798572613083
1.6326013082278306,0.3852644163491314
-0.6542926338998782,-1.4931504760732432
-0.4553000819700819,-0.8187784323963808
-1.0177445017791018,1.7792059636871316
0.27405284567699484,-1.7620475012365302
-3.2822924879755377,1.2379669519429102
-2.6768625714791963,0.5301336040737469
-2.7632823782552385,0.03835090104667217
-1.4217497976510851,-1.3363645631396788
-0.8511568905259655,-1.0743768446249227
-0.3808987034229389,-0.03924603293840496
-0.2695894875388193,2.3895737105762085
-0.7189558560343007,1.694595810668567
-0.7627537745220986,1.2978961514466356
-1.326007315338729,1.0356780177696197
1.025320543749256,1.1455307132419417
1.0145048726063943,1.6208239282990116
-0.5965370022654146,-1.0823074227944816
-0.11218133776594788,-1.0865360541913867
-0.11720341562457462,-1.0067675296783534
-0.579382101865315,2.7817258350697682
0.8653143631301689,-0.5266198241983241
1.0969578872635675,-0.4225509019135268
-0.1889857861798877,-0.954599470352979
-0.3276348826894336,1.5537426064597242
1.4835864754827566,-1.1922216607892588
-0.02518673410953638,0.7677180955023352
1.593563777505211,0.10332287474758589
-0.7884823972864479,1.7510386787176457
-0.4717268405981279,-0.7209078320750247
-0.4323427075382908,-1.269788849198997
0.5266800975017455,1.2694238395774653
0.8040472152123341,0.15231011814321793
-0.255906301448479,-1.4222474652120076
0.02873488791322735,-1.0224896931641982
0.6636858167064825,0.041714644284540116
0.5346986255386176,0.7172061391034297
-0.10130648450162869,-0.8194306265426013
-0.24426644156675145,1.3089874235069856
1.1472236551002422,-0.08850226178300484
-0.40057383574904953,1.2681970341495459
1.4069148091957675,0.8958316571103365
-0.41397084291995856,0.23715876031012392
-0.22801444216587793,-0.3052537105915357
-1.4199662184083013,-1.0354796980563552
-0.8242693801559764,0.41462951668827586
-0.7144280304011684,1.1979163877363683
0.240140570286654,0.5216835073232305
-0.7390337830986067,2.512927608248646
-1.116604803442773,2.396980232120024
1.3988396335165503,-0.494269127375994
2.2519195066017295,-0.595021492774266
1.0909629111185826,0.4939712327829544
1.544599878416063,0.7647563249923974
-2.348885151411583,1.7408704937646808
-1.9688344979017744,1.2139943123926125
-1.3082237635666834,2.8867345668662994
-1.3324072836416814,2.697831019087208
-1.959276209643023,-0.7598977026878067
-0.9879287448852252,-0.5630611747176203
1.0818169534317221,-0.8738379633420537
-0.08632986626450104,-0.31244039961952924
-0.4189554208136202,0.33387912961777616
0.5656003723614466,-0.36571294248385094
-1.8451885469642881,1.926510651377813
1.197589470398007,-1.4883589648947804
2.1474009780925916,-2.2328500928242065
0.06456876774694117,-0.671998892970974
-0.7814508084228582,-0.9766596395181255
1.1296810704574056,0.9269950452627821
-2.043206803026746,2.2889352641830603
-0.26131636391543184,-0.577501406467788
-1.601592380187029,2.1438592541922885
-0.0453553904835146,1.056155287279126
-0.5720933538112498,0.5850120029441801
1.3417161623523297,1.2964469660507165
1.984345510694067,-2.250340593255552
1.087895085087026,-2.163548670131669
1.1511645243310467,1.4359990910238527
-0.5891101246325654,-1.692325348204103
-0.10206797172793931,-0.15764153268101994
-0.40084421424217553,-0.23158319312311118
-2.0898533455271986,2.089124152557579
-2.5697707216720334,2.195326437610467
0.2941052245572431,0.20771708341010245
-1.8858924847397076,0.6651977031532526
0.7514812103740492,-0.03594282281304457
1.5448126552881327,-1.4472417635643475
-1.7482355394327924,0.9286331348335993
-0.057571662107439206,0.21136767713667795
1.017773467565648,-1.2490006198560517
0.01945065960211927,-0.6657723020815699
-0.670386651090027,-1.0766413701525162
0.7153600738519792,0.37624635264195805
0.8159531799261457,0.2804876568350998
0.2985275148275093,0.41721649034119646
1.1784714890044974,0.10309154566042525
0.5385042334380967,-0.9821727960132657
0.8710677943346214,-0.8703683091268266
-1.9224478287563627,-1.5014882464166077
-1.5017722677631804,1.1129978513853498
1.4909221801845431,0.36744437185631296
2.618202241555655,-0.4220931111022448
2.7892641850584434,-0.4502141169453655
-1.142105562733293,1.637285934670354
-1.7170746767688219,1.3221912357744048
0.008406885336674358,-0.0004806388218476192
-1.491680440590785,1.8946743722437873
-1.3945664918757008,2.472631393982394
0.7714892595137595,-0.3386399208386393
1.1382674314404173,0.11158078537142198
1.3101656640426556,-0.3762330610601026
-0.012335533516655893,-0.10338106598597746
-1.6081538340507895,0.030202376378762462
-0.34558683761896747,0.9859226064463839
-1.3142980833495286,-0.25969087809590413
-0.32422106889490715,-0.7844003782827426
-0.6409242154762176,-0.8961981198788751
-1.431311388717407,-0.17402808290383345
1.9400746793536903,-0.4527784601816555
2.5749764460852838,-0.7995322009048207
2.239313901448432,0.21512272929338358
1.7021810188189683,0.9345915671582976
0.7460088401800257,1.019897573694384
-2.4217431843529686,1.618198984674277
-2.020027010784002,1.5043478475406795
-1.1973376345167777,3.143138822539065
-1.7363692273542728,3.055983831841856
-1.4248643299343808,-0.7174994947008948
-2.100056392613965,-0.00856740297205669
-0.665198407973542,-0.35938094637816964
0.4651848247856483,-0.9426142624219934
0.22880633476390666,-0.4872719601166295
0.26682678024716017,-0.3866518575791063
-0.6618665829630149,0.4251104962671798
-0.6078156010638236,-0.2619242870638402
-2.0560793797303814,2.061389502983141
-1.574386620474923,2.14564125679422
1.9387071424462914,-2.3057953430879303
1.9557548489339416,-2.3263600767516617
-0.007740506653977487,-0.3994918890071564
-0.059672893358428555,0.11061246980494681
-0.3075781224172487,-1.330700876862676
-0.4034129827140201,-1.9641243965982382
0.8943459906968916,-0.08927857949163692
0.8908735389001023,1.2689826161744446
-1.3055153383569988,2.494071888195407
-0.8650838378020671,2.2352136245980274
-0.29646669628784733,0.22031629398504682
-0.20757102669404348,-0.5327755950862217
-1.3606185638236006,2.1311857671603387
-1.127583209440464,2.416240733977283
-0.21456232482356524,1.2751346253981577
-0.49904881438770893,1.9850586072318335
-0.30206311004672026,0.4674320679289858
-0.1625356831393514,-0.5003653275111788
-0.1012015309893293,2.1407357947456114
0.9126806282997637,1.5046703303899434
1.8597804499426438,-1.4018070218092455
1.8176916354478263,-1.9745552618141504
1.6726103117834898,1.1160818221626776
1.0843843413029706,0.18382854890390277
0.2718957501756377,-0.2633991762351086
-0.29225296373049375,0.18649369447969832
-0.9544381432612866,-0.7898473280795287
-1.5194801157235873,-1.1051511581983107
-1.7785578365351624,2.46165994940515
-2.0847921768443167,2.3177530453816937
0.32386272842127706,0.8650512730419593
0.5205053459351779,0.9462740987063009
-1.7108150888037674,0.6046368840868958
-1.6404531494639338,0.7091963208749468
-0.0789936093562278,-0.5909446220709563
0.5785198175528091,-1.0794011354925346
-1.7222612187684656,0.4773015952729672
-1.7581793208643912,0.5769109940193003
1.5700139106668045,-1.4443342439515667
2.1609471158093463,-0.6221968557222942
-0.982524756687649,-0.8658549427499107
-1.0151844626128916,-0.13803279297620397
1.0010523082404,0.2636789943683259
1.201064756680969,-0.009127538211836744
-0.0009646953697266152,0.6201315220021996
0.8232586479895785,0.5453973608822781
0.6299671888106488,-0.3337417605096646
0.8265684612902116,-1.0536846602899768
-1.3926773510232773,-0.640190121306799
-0.4084608061563654,0.05924968243465795
1.3328304995740954,0.7256093631731181
0.8436984259319789,0.4875479960172909
2.8683258325333223,-0.669063126454524
2.9664194485075512,-0.49543440848986603
-1.2780609143636024,1.7373355690307022
-1.1933163528084487,1.6469960951952152
-0.5094014184384082,-0.36994268609453546
0.5364635255839187,-0.5654659024326213
-2.473220388996312,2.0580757725128023
-2.6610441170514325,2.109653253401308
1.0763698867537301,-0.036411219615326694
1.344481159338335,-0.28464207313997203
0.6645017640629914,1.3806424914470223
0.3593510719518887,0.8601806776857078
0.31057611883711306,-0.4584215230598215
-0.347615176796966,-0.9407746291945477
-1.0583821167919654,1.42768507685873
-1.2280092115134182,1.2090712374590915
-0.8011396136821056,-0.5421341272176469
-1.0565429417195964,-0.27089791377690636
-0.8349986710988527,-0.5935621349021408
-0.856930422799319,-0.6364544344780041
-0.7355862147483483,-0.6276538881987375
-0.923073138299108,-0.6187812108357007
2.2030433083623815,-0.5861774706916272
1.9231235359938148,-0.6591656515743359
1.8454852778755038,-0.5478659942753885
2.104726356230175,-0.5456465116892864
1.9209632308282334,-0.5169804829312307
1.569563485911328,-0.22486286872541822
1.711291179668228,0.4141326315599504
1.2620831479122843,1.210615894252156
1.6701611399395997,0.9934208541376603
1.4819419746682148,1.1582992948503563
-2.3922234039021784,1.8565992650286394
-2.26625699151551,1.3090121151584098
-2.009323621403923,-0.18558364371170144
-1.6636727013323764,1.1664170822009576
-1.5995068189967891,2.719389710622842
-0.9604319932597661,2.5616272855237625
-1.4663835784107864,2.9292997096916853
-1.8149072999065363,2.237891609544696
-1.6533127789633935,-0.2739663817112135
-1.2017642697125783,-0.4920169012913869
-0.4383838386446781,-0.6345311996841256
-1.3357838357253997,0.9040782784909474
1.195138686544426,-1.666270385402326
1.1089588208252692,-1.4975369636661318
0.10533045034373688,-0.18829726511202685
0.15325204547474683,-0.5499050907062163
-0.31042801323932717,-0.15094672195178396
-0.9738595293765926,0.13138946377631494
0.15104325331669563,-0.2579890046819951
-0.5280206520233756,0.6270537539198895
-2.321012873747126,2.1422161694298003
-1.583018259237296,1.3902593481029721
0.22770215941135816,-0.6413188834094274
0.7425284873758659,-0.3210094995663192
2.073914376133777,-2.248918482346481
2.1567543748403137,-2.192468428603386
-0.02408252564643125,-0.6473777454298998
-0.04788780513101568,-0.6365147947356845
-0.8721877787896584,-0.9895683438148875
-1.1134154009249604,-0.43454357922549547
1.4277244215150373,-0.042127871975366306
1.6126294673808785,1.297598052476628
-1.8930392314117335,2.2396410514490306
-1.9928489503325377,2.051971750769789
-1.1318350190940483,-0.3645952758186609
-1.179605571046207,-0.3432320817998164
-1.778680481582092,2.138578643235643
-1.7999274344131444,2.3356737832154892
-0.016164970307711815,1.5305697639138431
-0.0962352429128674,0.9159548934644142
-0.5255879493949375,-0.593025552909029
-0.5042087526700001,-0.48898626157724645
1.4159531706943587,1.34792276278175
1.5161354287717208,0.918473129515278
1.5650733050157974,-1.6212929942039662
1.9423612425807433,-2.252127530806207
1.2078731873230313,-2.183277396446885
1.4754978386963646,-1.617152620800819
1.2621893733670095,1.3351777789065704
1.0708884473133127,1.634754209617516
-0.1429134390606666,-0.46025816504931144
-1.2898496905388974,-1.4480631379908795
-0.3054879797094698,-0.9682278255781235
-0.20663249559212124,-0.5614985239588012
-1.0694361680986568,-0.9252998735384136
-0.7428891987383879,0.8874776088060209
-1.7835167223945707,2.2146569369460085
-1.728667240043415,1.9508988729839505
-2.435487218840664,2.3370852480625968
-2.4377222440069035,2.1313358620190064
0.17840399812000962,-0.06560641781563761
0.44970160037412177,0.4894500030846747
-2.007105056759988,0.9719994919715528
-1.9501528844385696,0.8659908294766915
0.3440204806091809,0.34412721887494185
1.206091355993762,0.2111819441730211
1.5914393877992297,-1.471622357068043
1.5352842241371114,-1.516713640169096
-1.913164704770791,0.7795169759951959
-1.9324854274341126,1.061142661801088
0.7769406191927867,0.13777611948749133
-0.15966000224924431,0.5290672423231341
1.616935547864473,-0.3632625356162359
0.8629749313529028,-1.2782712943090573
0.3669115329345427,-0.5316775637244238
-0.18758605675458426,-0.7234994651629796
-0.48301802104422265,-0.22602399680786303
-0.3249726213915857,-0.8420458526075452
1.1087760424319615,0.45078729659328753
0.6869277092134657,0.2682669262612872
0.9796341717003423,0.10220712011797728
0.7847193694979733,0.23631937957553903
-0.09719035741132775,0.6582019302212986
0.6078510106403635,0.06298808397951361
1.1507070202269027,0.2073678201617662
1.3245406346964848,0.4153014430343834
0.7289024373023989,-0.946244813142254
0.5400060819113809,-0.2554305848134506
0.7242100046151333,-0.8847545147518591
0.6979805960728039,-0.9381649854688657
-1.4325688741572742,-0.49521789199648447
-1.4354698506913834,-1.6236185447153064
-1.6078150821598853,1.0705592945926952
-1.1414139711297802,0.6348136141696058
1.384653120010676,0.6157117303348019
1.5713544990888764,0.16744249919337598
1.46479689428786,-0.39004145290293973
1.5009652269990443,-0.6475723118457171
2.618786990224093,-0.35929021777234804
2.2359776550177344,-1.3771978915657366
-1.3876473423412314,1.7491835059235543
-1.4397090215300612,1.6742502899986766
-2.1547519035966345,1.9599902951877308
-1.5723424715807188,1.4558102813278273
-0.17620147009529946,-0.09184172978212815
-0.07220799382187783,-0.6027625573634022
-1.9703213672027315,2.1002798537285097
-2.1601694008879626,1.886083040377814
-1.6449529756261343,2.2910116085634655
-0.8622603718579486,2.463022784243277
1.0222946350779782,-0.4136113746570633
0.9184813896720029,-0.40322917688781734
0.9358453629393637,-0.9172981108388596
0.75643558318117,-0.20376927639613135
1.2144349035550224,-0.2594666811485233
1.6036750270864975,-0.24407690285265077
0.41588959328337305,-0.08797530885057708
-0.7283759851009496,-0.3095419820790399
-0.8225988203399169,0.19840676640178312
-1.098095772204411,-0.217335669846796
-0.9673621133141935,0.7918888468125723
0.07854672264752757,0.5673328208809166
-0.9883545236260756,-0.09381824916335403
-1.3789924618769274,-0.2588982049276873
0.5625262709628054,-0.9952877120311076
-0.2228748492174128,-0.5718851193364067
-0.5223272034074598,-0.8149778164318301
-0.7758426638636805,-0.6450167617967186
-1.8526984703974512,-0.9662747815696228
-1.4587514722795647,-0.11536562344875105
2.1279176418476067,-0.5853924328183927
1.1682985467828078,-0.17542054252457634
0.5775391575656829,0.8506138078047271
1.1920849824839002,0.3571005094827147
0.6762387230754682,1.4762596408920896
-0.32772821103870375,1.6853519860591488
2.3678407285096914,0.8684270906348097
1.2491171178112062,1.4559303497336515
1.103069482463162,1.1914557370720462
1.4594988749664224,2.1267049014831554
0.8485689753194265,-0.12007580685937887
0.6127952816580274,1.199768918319047
2.2641643120162707,0.4609704136497322
2.6040182907052567,0.856340119413192
1.2677686571035407,0.5613708459065199
1.6203471135927452,0.5063754937217473
0.8101484131877515,0.15997570792548355
0.7332912999141447,-0.08566622337084127
0.22100370756771442,2.6920379635762437
-1.1946809475809406,1.6766324304665312
1.6138656871844386,1.3182204933109993
1.3438964521799541,1.245214944442131
-1.0050149710584395,0.34417989335764687
-0.992014258589997,0.23703376583812427
0.350749211266924,1.0385377478494435
0.5946292011607034,0.21666694296349853
0.4820825412514247,0.937288096229887
-0.15337888728663182,1.0759768427247312
1.5368246489597797,0.8346657522957306
2.5024361393966332,1.255851588368208
0.6467906189257178,1.50162167532324
0.9231936766003335,1.8356712037325071
1.1468690535603812,-0.5696421992209517
1.082919802650215,0.050497125586236306
2.252138416812574,-0.10936128013360305
2.4337060274651,0.8818717304303186
1.1695885418870506,1.487121112323706
1.37430345114389,0.3734477856154631
1.077313368578511,-0.3996273452686255
1.0338319455059974,-0.47243926799905583
0.6468401928853954,1.8797500850845408
-0.30485836534541644,1.8532556874179225
0.9267880978135541,1.5665130919971535
0.7923882581843434,1.5426578150725387
-1.3313899821208697,0.20935933519285202
-1.4021488447062005,0.0640790608508093
0.6757535728047838,0.4034660942796794
0.4739144036289419,0.2449302769248692
1.1684383475611386,0.7450344717332383
1.0015376987933764,0.33877035203915906
0.7936655472418443,1.0462428369137156
0.02096918880545319,2.4199428103319303
-0.1998384102126821,1.5822208355671128
-0.5110513720817635,1.151498707485011
2.3138016653456175,1.0999951754548698
1.6893380680234455,1.4599374712834239
1.2153691846391097,1.2607240298949929
1.0191346939459363,0.281870976334833
2.1243775625540158,1.1476278517712453
1.769653823712688,1.0305569465953206
0.7207001583513336,2.195827948098351
1.9881586765277062,0.7996165195511764
1.1612939520648229,0.4898086659629824
1.2426607238632525,-0.858599752641799
0.5929206463169238,1.0587041961279173
0.7182942908787695,-0.10163777940314977
2.550366302284132,0.39126693775467225
1.6238129056917316,0.9346997361477187
1.9189647466838584,0.8354208092386974
1.6308329048109835,0.1629730130898515
1.3700818146498828,1.6288203686106315
1.1784484808308622,0.5574694680926114
1.3908315569194858,0.875463848343688
1.3477076592696637,1.300864513635612
0.9524267371133319,0.2538556004057215
1.1877789632821145,0.008127167482129157
2.0209410699578023,0.598739553704524
1.501665165707226,0.3674063822557793
0.6394364111325851,2.377221534973267
0.786198326673506,2.344191039220683
-1.1797535937887056,0.8824083119066611
-0.5528842049376158,1.7656773952661677
2.1529123164599246,1.1966061470892961
1.2515917718450102,0.7942879188598645
2.1247498583011493,1.0677196997608982
1.3381442683485132,0.4929117928578143
-1.6311598017085234,0.8775800668790963
-0.7544496187912104,1.148428872938996
-0.8734786428888284,0.5936908946347339
-0.9999749059986067,0.8184768559491582
0.24584079951679794,1.127844463387835
0.20082079927904914,0.7323180108865367
0.18060084758441275,-0.25909382834863026
-0.5262192276209265,0.6146998422738913
1.570017883432243,1.4224571470914602
2.0321117358177343,1.3264384118529762
0.5291821005853761,2.2145416831555984
0.7679917404021813,2.4585113129242333
0.956227300035781,0.28930013388980724
1.3374191068909573,-0.3133903896575416
2.5202211584115397,0.21060249897461655
2.3330633386785347,0.5534105023530861
1.22546272084405,0.765456377676215
1.3917557253173196,0.4136084672654984
1.7913748947517714,0.4943625757023892
1.840257150373163,-0.003364173719776127
-0.02021797179270172,2.420700991182788
-0.1961353071032843,2.6941134023739326
0.5392047740103487,1.7041240646581841
0.4620551085493728,1.7019042005873262
-1.7447662555441723,0.5350968196410358
-1.47885819690939,0.33643530503452684
0.6072257987993109,1.0984320581034115
0.6030108551368412,0.6397433080948841
1.2921358690404126,-0.12451156481687105
1.0756554919902992,0.3590997648519644
0.3906720055782204,1.9869567338520842
0.10702113333279376,1.4850418445165856
-0.3492540398702694,1.5975828271227093
-0.649950272572479,1.1171483053062956
2.107318813572911,1.0887055409563806
1.8290579803075304,1.3862548870274718
1.2340224853663702,1.4558060537041637
1.8495597465549505,1.33883603393062
1.4044477433728966,1.0272976383885848
1.304774167423004,0.9042200012900219
0.8656015310035983,1.5860590569056003
1.5525996617301603,0.8699207603463112
1.215594996107474,0.09905217593800332
1.2964680106462414,-0.6622982699594172
0.6051096038933704,1.1760796029562373
0.6768776374193232,-0.03510049674106221
2.180826005512563,0.5780517076405018
2.200849090651728,0.9056612901510415
2.691520857195047,0.898781269667404
1.8689358909861902,0.49632389696915424
1.2562776984029886,0.6934745809902093
1.3828354987257385,0.5065461887500256
1.6847653121247723,1.9965983095872613
1.6062143960625088,0.8297806152202348
0.6786590789932251,0.23682270897918145
0.952675842972857,0.26410761101870267
1.0315403527771574,0.5204136953850976
0.8395901661118271,0.1011341096209391
0.445500209935686,2.5317078272729674
0.4303611454547415,2.535496997310751
-1.163806363393111,1.0858267000639623
-0.6732780148007903,1.2851442255622545
1.3044289986295483,1.3871914044649836
1.8015003659025215,1.34382193032168
1.7259434650982552,1.0173618233811264
1.6000971194032076,1.279893130476574
-0.658944017919318,0.17447681257035322
-1.1238236495412557,1.0260611900764112
-1.3307866866235682,0.3917730299797348
-1.1003126256983005,0.47982349553517295
0.5440658104866951,1.1165884525453305
0.29047544708161915,1.4019851491275206
0.6844990908284767,0.24830762746371057
0.821726384238178,0.3069742578092797
-0.31101489335517063,1.5156641897861847
-0.4464488896756982,1.2383616708029763
-0.49556976000910924,1.184718474318915
-0.6559194019580735,1.4710568214061135
1.4647730454697818,0.958374441214923
1.4644530070454373,1.5438309961288268
2.123375048707577,1.2814271992420259
1.9032682265550422,1.783289919999176
0.7497914969122841,1.5090152737026292
0.9647783308981818,0.9714634318580452
0.7454988237397796,2.3935008842553134
0.7812659534470678,2.3650355845229543
1.0835078319923608,-0.5652042997842697
0.815549299242349,-0.2992167656312409
1.1448096652213116,0.13737464270369182
0.8151084392692408,-0.07405903462943743
1.8005253615522925,0.5834275002625565
2.0781002829812567,-0.14097594928753585
2.667737907387085,0.7326409962994175
2.5898828519737975,0.7628810600408407
1.1394217113248728,0.9372853359311655
1.1465732197659249,0.49466329954792937
1.6199243243954031,0.43541686690865095
1.2322902331397736,0.5220062516245538
0.8636155654341005,-0.18615484138247546
0.9928519059113576,-0.33382894776494904
1.249221079756585,-0.5478781558862436
1.1059866667851492,-0.2553134609610717
0.5339389130155885,1.805204642185623
0.23517073081135614,1.8698071180493434
-0.2980529612536409,1.7228878552546756
-0.3560157713208113,1.6920054722424227
1.1000057075237748,1.4087939382502646
1.3694017298384644,1.3716963990084037
1.1737655172171109,1.4229761400704166
1.55497226867542,1.0929959472893775
-1.4138753561469994,0.4822022684463727
-1.7202309937151625,0.3361224465277691
-1.37253023195227,0.6024792052472867
-1.1447142226888432,-0.07117507377577961
0.638000624719769,0.4492109610859278
0.5621866011926552,0.47547079366660844
0.4780055447892781,0.8242660862884287
0.4629516112742311,0.5124530592950272
1.2676752237540432,0.4363114729770941
1.2221380550073264,0.5099426076630212
1.1973971253548834,0.4138390962359978
0.9620627121895668,0.4388766811100355
0.42315798348641603,1.0262199023432441
0.43178053848869297,0.9734868147589183
0.21541521456132956,2.273762918017929
0.5123660069527124,2.4576280728603104
-0.05621397024547734,0.9956650817210304
-0.19981760591977046,1.5973299045191505
-0.5161787967706212,1.2054717851086438
-0.9121184067778149,1.7807399304256122
1.904594242717674,0.7048947888115652
2.016989288810429,0.6768263465391801
1.9951508815995327,1.2660395083928129
1.8453816509695322,1.518907702713755
1.3268982227954202,1.2350864119325902
1.2253741938673257,1.409325363654548
1.2408848547313576,0.9265809152571358
1.1667140725508607,0.13687906719970847
1.759769430490252,1.144185668977299
2.0011996111133885,1.0983375754295062
1.8663936957858256,0.8292174627997804
1.8245052512626088,0.7800338008928243
0.48814549603202934,2.437063686391237
0.8290639965656563,2.215274782142893
2.018612164643297,0.8562337317370757
1.831566730321022,0.8545852701860693
1.1554026228834535,0.6779240291041133
1.1773788478032123,0.6788281174436291
1.1865563853027374,0.19871157423540894
1.2034436800552237,-0.21897122455472126
0.49041318231443815,1.0658906787919105
0.5595183592397495,1.0149987435416725
0.9197174097242782,-0.28173528982446705
0.6804834035445073,0.2850146702009124
2.6149109178553442,0.49148947051047215
2.3217251268674928,0.5792368354527099
1.8273188673905973,0.505376341061536
1.7561237148541988,1.083958175627504
1.5135346902785816,0.985184438703287
1.6649758765358544,0.9990910674390352
1.6839837662873798,0.5614754488833678
1.5472166629581774,0.9937501063055362
1.3316323977651496,0.7243962558566875
1.2979957858819862,1.6113403793782988
0.9766255568740335,1.2004295279316468
1.2564510477993318,0.6228148716563269
1.5107199096816664,1.5504926267018475
1.2278494067889156,1.1980036259581324
1.249240066236051,1.3697698170889985
1.632511939803428,1.0948374038800337
0.8898047975562416,0.2131779191165911
0.7479968945003015,0.2508528288428694
1.065571878259518,0.051415424681835915
1.0215995949449752,0.13877894404568902
1.4626174197672577,0.819482922148449
1.4673474139808351,0.7114057098685854
1.1247971207489644,0.3105516035500398
1.7856326611628324,0.5551759225472765
0.6924219567990983,2.235195339488843
0.8105707580567212,1.967486854405206
0.7194896023733373,2.37889858442141
0.787753983689997,2.309508560757234
-1.5893189650756374,0.607607178959226
-1.1453016112008019,1.3445064993296572
-0.46714938326077265,1.7986864327023715
-0.40731994786262693,1.635206191999973
2.042510493168194,0.6515066956181653
2.092658289621616,1.19740447111772
1.4068950701682146,0.2228007606042488
1.01620036830545,0.38340004689141577
2.1984808415953543,0.7877716235871529
2.3262071545420895,1.0490896863833954
1.6340611675779741,0.5011599237531841
2.0140466747006656,1.0270734148388654
-1.3592331707319651,0.4740555925052016
-1.6118244028434305,0.5769622222205391
-0.5635724153832454,1.2160554691403642
-0.8240015486508265,1.4312744878527057
-1.0341722922159986,0.4176294470348649
-1.415567640094386,0.6716861528611225
-1.1010242359169213,0.8114513738965717
-1.0003848263351751,1.0188832254845601
-1.0657043574743261,0.7999275435656144
-1.0935988362446165,1.2651873085708598
2.7965501692978703,-0.17866105030683396
2.645674121152666,-0.14580443822723765
0.5597386892141325,1.5767088824756512
-1.0994551375847832,1.4079345731265955
-0.08392465687954696,0.931112203866555
-0.15746732727015036,1.251504672114
-0.040357390991353714,1.1049550504576882
1.0382100054089365,0.09216692790687994
0.2488368081454829,1.2817020599431677
-0.059180241850784666,1.3028134472680082
1.119690354701556,0.07668649134981496
0.5133989312365913,0.6989414306175145
0.91182908594812,0.46622439462969384
1.8413061035752676,0.928322376650007
2.23404267837778,0.13771550924542153
1.3281223410542435,0.9192340444571345
0.3785310419060987,1.674825418519187
0.3675817588154743,1.5905470680444935
0.4178973070676719,0.818301858696454
0.23771747404703691,1.299674341978718
1.42155198331349,0.05706675369599367
1.9285677524042437,0.9230711466522866
-1.2946865984222593,0.8380750622208135
-0.9988074424381489,0.913198595443158
2.985250644284166,-0.19578745177712392
2.8458637710698644,-0.13416757804528473
0.6406469070397429,1.6705261764813712
0.381680747579241,1.601404890045445
-0.21087834351234128,0.8113203782168616
-0.34921656673190943,0.9234007075765163
0.11545086864091528,0.8058157346804905
0.7312382875232655,0.026508250218302172
0.26734490133613975,1.3370557015472357
0.41378161808576847,1.4751165775335218
1.4266625084517834,0.14234393469183096
2.3033599941275,0.1097796563069402
2.201873464706735,0.7213485191866706
2.517261692757234,0.9398677486715247
2.2650242221200187,0.07928453529103038
2.3189794055296353,0.32441410205339577
0.2976228438692815,1.581007285447957
0.30889439904577687,1.539116086005891
0.33078802486840203,0.9412950769748788
-0.5373299677987675,1.2112444504576432
2.1658801333900404,0.5168139636013496
2.3028595780858714,0.10401312058167411
-1.0696208239605796,1.2014084577726751
-0.6560448471143975,0.75664025534862
-0.022324491193627734,1.157253623019604
-0.6897200286774233,1.0996694527285318
2.543684296102332,0.011904570442690776
2.5708765482570684,0.20286027059820108
2.6380138781311215,-0.2442320717309352
2.197068371540268,0.6031028653544046
0.473192819285363,1.613619836132729
0.3896430524280906,1.4905737234863927
0.07560813176652738,1.2867640655864319
-0.2522389357266551,1.214321760052364
-0.07427943495671162,1.0719606104877444
-0.18641327084767897,0.7243999852691653
-0.1845083441602276,1.5279519104856558
-0.31044934474047053,1.3465007664477469
0.16342397517000226,0.44095174725992625
0.8679868188942431,0.07487701030446202
1.660478934361098,0.22315653495000345
1.2484083719784569,0.1081814076974834
0.14130217720350788,1.3847399678482875
0.34509114791206325,1.3938252527418915
0.20795995352555136,1.541257189998593
-0.05927737308977119,1.3022899224390718
1.3862453622884583,0.320716887009945
1.4538631012786496,0.1854957331382889
0.8048986392436381,0.8137349488996126
0.3924268796052008,1.1255710212624082
1.9109406251259664,-0.02585282644480302
1.4002962963329657,0.4907784500286167
1.9933613700026935,0.5855422367495167
2.2501833569121605,0.49556325523255673
1.883094596405801,-0.008028630272971553
2.1981443050239533,0.23947302627559708
0.9288828848258563,1.2749241565887093
0.9862422745517188,1.358821297248781
0.25303300698021686,1.5158732684957994
0.3705192079133331,1.6323219205720585
0.34753071336118646,1.5665301173151163
0.5873304200063713,1.608328211676854
-0.4722448483170536,1.1906271456081394
0.07746219147263621,0.9768965262806023
0.2372322491562318,1.1808190014797533
-0.4312987159689807,1.2753730360525524
1.1312162622070603,0.17740488458436945
1.2966249355601644,0.08551437976311542
1.4522228034894988,0.7056187491387992
2.101807567546716,0.49666133560577186
-1.3796439541956258,0.8472875606888719
-1.2986686199565611,1.0851080806911642
2.679570052148672,0.29233831533382887
2.7120720052874168,0.1561371333431783
0.7033748111684132,1.6733182029186802
0.5705360839551757,1.6488051573085023
-0.27504527634540715,0.7432908816895869
-0.31724568710257456,0.7931046363733816
0.6477360900235187,0.3459360761454556
0.22592401438887616,0.5878131200436829
0.261862164751529,1.4121209286961005
0.3359958045398717,1.4867901033405135
1.6235475319946273,0.15456040406440316
2.6630845595338744,0.008627082789112091
2.1481307391331215,0.9455816285506228
2.3646335061353234,1.2256524234729795
2.2894547304004638,0.059801654727374
2.3170699778635395,0.18471411317716588
0.2463097353576229,1.499641580563904
0.24523158215653984,1.4950101746303057
0.10002676537826816,1.1465632407044501
0.12547599754719346,1.2208936113832616
1.9638607292696604,0.22246122614387548
2.3223520941685227,0.1544222450572369
-1.0953990677861452,0.812494783101531
-1.067782306402684,0.8682135785787171
-0.4912726598102598,1.0080844388410282
-0.6784635850617573,1.0986759043806649
2.4331003256103014,0.2159096317460571
2.5423241870835036,0.10136329622583866
2.6459814692482744,0.11578341779134758
2.7192605673881225,-0.1135425843000398
0.5174324466568951,1.5908375670111259
0.5627763980384751,1.6066709728836042
-0.29086359139921636,1.3026704706497478
-0.5751851064756964,1.0850090223101012
-0.2572015068602458,0.9268274769866189
-0.4487940561872258,1.031192281606087
-0.24080201992979075,1.287653647547988
-0.39495928494976884,1.3394541667775866
0.30987895427385254,0.6433577697858205
0.28106471703408675,0.8170019941364651
1.0619555929310915,0.19091640981049943
1.7872057436516844,0.1925922342139978
0.25444137519304033,1.3050169359246717
0.2646682748563745,1.3427772840271466
0.19557139694154105,1.3820044389141217
0.025445971460390265,1.3141845684901254
1.199460666169831,0.1069477898927929
1.194704797008236,0.2866180455623081
0.6465989902206633,0.7528074473588358
0.3804368836780694,0.8960469316788873
1.332555019284881,0.029869102080355956
1.018013336697189,0.39176767750418884
2.452113257942043,0.5198947414467303
2.6916999690122765,0.3642807355191039
2.0819893025995477,0.0071957270338713795
2.2109942923261205,0.13117831491091636
1.1163822209534482,1.2234342613943308
1.0805836848018713,1.2256983820050122
0.3815485194506052,1.6374014152846144
0.5462023129105131,1.6197319308511817
0.35777958352576816,1.5784023107448193
0.43731934753693574,1.5943760102491484
0.09386894128671644,0.9872286249237877
0.2960285566878118,0.8891294551600071
0.13481425347600542,1.2170189618184657
0.14244129236927802,1.3061765517607353
1.3128068772909975,0.11212206358827187
1.3407243869874135,0.09192375382850011
1.997276511227466,0.8162512433206732
2.061301798519543,0.6419239037623751
-0.9594213109489621,0.8058908064995822
-0.8380531342045082,0.7765636360096875
-1.1593784156957603,0.9684689210284141
-1.0751053632806382,0.8043855220338202
2.7483212738607943,0.15211553853036713
2.8602365529298357,-0.1020935360991758
2.8495783817056304,0.07508437432424925
2.767653703421292,-0.14010346665177623
0.5677734810114013,1.5852283910733864
0.5146095012418865,1.6291978963806117
0.28477456684958113,1.560738254120411
0.3995694928154334,1.498540860120579
-0.1431042204052582,0.7475833619182086
-0.22644451586150038,0.8517742328030986
-0.4313278220664335,0.7596516136568673
-0.3213541469065917,0.9011956236137887
0.31721604700462397,0.7800742488912131
0.7450623034387072,0.780416673067008
0.9030594242265684,0.07822513806235336
1.0171938049025222,0.0655126743657214
0.29642688216494173,1.4263543770487845
0.05381780884713417,1.329474376409364
0.3052307956761057,1.4592765196004684
0.28954268611628126,1.468019754355679
1.3178511025311241,0.12867338503069456
2.0724346736212693,0.20873506186317717
2.2497760054834517,0.1780647816444029
1.8764444471241748,0.1719143394273067
2.449114254286596,0.20709929214505027
1.2535757030548025,0.4790560266672416
2.934788491651811,0.12767631944410515
2.4551836683785973,0.8320587112612033
2.303004523046695,0.1241035824082175
2.309468441628107,0.061841249701659134
2.2821675448592496,0.20873108298593102
2.3210803254778063,0.2500481249002657
0.30475545356550493,1.5936994938788998
0.3537100596143964,1.5808624312811115
0.3134391492126955,1.5461317551776563
0.35488879753264846,1.5392836927452964
0.26604306680497697,1.0446650105263153
0.17182911057847639,1.194981044004141
-0.8471801988951023,1.2404739975638417
-0.819579772121396,1.2389392927125502
2.085126945815633,0.5434184265628746
2.1885163533339544,0.5304481715996572
2.2170905336461866,0.07985421262179127
2.2439766102082266,0.004837699936629007
-1.0632472417647763,0.8839460648199484
-1.1979298094608668,1.1955809556241583
-1.0427356890751585,0.7938812886259525
-0.9636302510560574,1.1814539818428735
-0.007076395715068219,1.0428928989222943
0.055615041461289656,0.9355061571147597
-0.919536177741642,1.3088721675045538
-0.842530111911291,1.2045106550221005
2.3050355648723326,0.4169954272822676
2.4942993893677494,0.2515075159812573
2.4184235382025006,0.27661540179628963
2.3909140226953958,0.11922219415836445
2.723522157678885,-0.19914046223441095
2.036538754620002,0.12628759130706657
2.3997895339866937,0.8202303695380395
2.2992281325093797,0.6817031340451559
0.3957019875560133,1.6409400992004486
0.42667173461787966,1.648240075183587
0.37385446037581066,1.5857405737097232
0.3675027980715868,1.4989466318339053
0.07404028258775008,1.278250241940719
0.08887669892226778,1.108471193837347
0.03111585181507457,1.1656196512475099
-0.06726347644239017,1.175028270918919
-0.09633713456314029,1.1369349001853135
0.11990355606136464,1.1139253607876862
-0.24461320579844612,0.880712013164142
-0.27326046741882176,0.6981622540579956
-0.15033687662189082,1.5209732067252646
-0.16204227831964482,1.3291779806024322
-0.3179226465381287,1.3393759687207147
-0.2054357667704377,1.3451885132154442
0.7151193006384698,0.16785778820367475
0.20903120818281562,0.13920277702183378
0.4484979634434053,0.49404247759603215
0.48535046458244024,0.3148783917616518
1.6556286180043156,0.24983897650543016
1.6293817495864156,0.17404541964682746
1.2649046709148553,0.08845644534112196
1.3121418954769029,0.14142361786327254
0.06325927494066255,1.3095261470896202
0.15026881432625375,1.370477422187107
0.304663731732328,1.5111690027764142
0.36983535399071704,1.458616370622568
0.18852593672434403,1.527684588147097
0.23339791203818927,1.5648459930139882
0.11509234432848116,1.3286407918087026
-0.09437114581908658,1.3047912832093564
1.3664915825151043,0.1860544544409307
1.3090240195324816,0.1594685400207162
1.332722984992483,0.17465983319112177
1.2615337711530854,0.11656867970577015
0.6512472992309365,0.8324410874566469
1.1231894577187478,0.8984495949406438
0.6855551171404505,0.9893679944122966
0.8586526380492164,1.2635678453403665
1.634961576614958,0.25488211897803176
1.7408009104183422,-0.2285377424274553
1.3384779846430765,0.44796556239918167
1.2056168888538672,0.09124323420855708
2.105219796570745,0.5705347624222133
2.8506292120916443,0.02509156277985363
2.6701849430304008,0.14349889436588611
2.162816174197594,0.5597199849914852
2.0931487380529297,0.017387162925024627
1.9599139561478405,0.053821459718419895
2.1610764770189355,0.20298882689389594
2.1981408351351033,0.21896442598228366
0.657789656119868,1.2155845847631397
0.7613367707491281,1.5344613428380247
0.7703898069919483,1.5474960779747218
0.8274197276000052,1.503606970035605
0.2600631237829975,1.5259505092013335
0.28112406980037374,1.5185456306992782
0.31045663176984867,1.6070126106824976
0.4406177153712567,1.6247981618866831
0.3567795190418415,1.5528167016759906
0.2521633545782729,1.5631087859682835
0.5008177496626514,1.6145524858175275
0.4738432827397531,1.6189870693859185
-0.5290470111106287,1.2064266172239528
-0.18877492319886321,1.103868501365406
-0.04043914597688731,1.201509726479504
-0.15945921309924446,1.1386137234079257
-0.33995648921050253,1.2789692323911273
0.12954529308445095,1.214319175597593
0.13112345351703372,1.214249257996203
0.020358945367599905,1.2867172945245215
1.273005878734885,0.15899169320462797
1.2855536653529498,0.21823409707818148
1.4318968453533216,0.08425014803514048
1.2631761119178206,0.08066713951907478
1.596284097134898,0.5759449358977503
1.6798740298769808,0.5543229016003314
2.0165209513944666,0.8518065721558653
1.98282629662547,0.7237707520715921
